vaccination_id,disease_id,state_id,total_vaccinated,vaccine_name
1,1,1,152285,VAXCHORA
2,2,1,,
3,3,1,,
4,4,1,101524,Mosquirix
5,5,1,4314754,MMR
6,6,1,,
7,7,1,4314754,MMR
8,8,1,50762,ACAM2000
9,9,1,3553327,DTaP/Tdap
10,10,1,507618,BCG
11,1,2,22033,VAXCHORA
12,2,2,,
13,3,2,,
14,4,2,14689,Mosquirix
15,5,2,624276,MMR
16,6,2,,
17,7,2,624276,MMR
18,8,2,7344,ACAM2000
19,9,2,514109,DTaP/Tdap
20,10,2,73444,BCG
21,1,3,221327,VAXCHORA
22,2,3,,
23,3,3,,
24,4,3,147551,Mosquirix
25,5,3,6270931,MMR
26,6,3,,
27,7,3,6270931,MMR
28,8,3,73776,ACAM2000
29,9,3,5164296,DTaP/Tdap
30,10,3,737757,BCG
31,1,4,91431,VAXCHORA
32,2,4,,
33,3,4,,
34,4,4,60954,Mosquirix
35,5,4,2590548,MMR
36,6,4,,
37,7,4,2590548,MMR
38,8,4,30477,ACAM2000
39,9,4,2133393,DTaP/Tdap
40,10,4,304770,BCG
41,1,5,1174272,VAXCHORA
42,2,5,,
43,3,5,,
44,4,5,782848,Mosquirix
45,5,5,33271052,MMR
46,6,5,,
47,7,5,33271052,MMR
48,8,5,391424,ACAM2000
49,9,5,27399690,DTaP/Tdap
50,10,5,3914241,BCG
51,1,6,175528,VAXCHORA
52,2,6,,
53,3,6,,
54,4,6,117019,Mosquirix
55,5,6,4973295,MMR
56,6,6,,
57,7,6,4973295,MMR
58,8,6,58509,ACAM2000
59,9,6,4095654,DTaP/Tdap
60,10,6,585094,BCG
61,1,7,108538,VAXCHORA
62,2,7,,
63,3,7,,
64,4,7,72358,Mosquirix
65,5,7,3075236,MMR
66,6,7,,
67,7,7,3075236,MMR
68,8,7,36179,ACAM2000
69,9,7,2532548,DTaP/Tdap
70,10,7,361792,BCG
71,1,8,30619,VAXCHORA
72,2,8,,
73,3,8,,
74,4,8,20412,Mosquirix
75,5,8,867531,MMR
76,6,8,,
77,7,8,867531,MMR
78,8,8,10206,ACAM2000
79,9,8,714438,DTaP/Tdap
80,10,8,102062,BCG
81,1,9,671379,VAXCHORA
82,2,9,,
83,3,9,,
84,4,9,447586,Mosquirix
85,5,9,19022415,MMR
86,6,9,,
87,7,9,19022415,MMR
88,8,9,223793,ACAM2000
89,9,9,15665518,DTaP/Tdap
90,10,9,2237931,BCG
91,1,10,327954,VAXCHORA
92,2,10,,
93,3,10,,
94,4,10,218636,Mosquirix
95,5,10,9292034,MMR
96,6,10,,
97,7,10,9292034,MMR
98,8,10,109318,ACAM2000
99,9,10,7652263,DTaP/Tdap
100,10,10,1093180,BCG
101,1,11,43211,VAXCHORA
102,2,11,,
103,3,11,,
104,4,11,28807,Mosquirix
105,5,11,1224305,MMR
106,6,11,,
107,7,11,1224305,MMR
108,8,11,14404,ACAM2000
109,9,11,1008251,DTaP/Tdap
110,10,11,144036,BCG
111,1,12,58329,VAXCHORA
112,2,12,,
113,3,12,,
114,4,12,38886,Mosquirix
115,5,12,1652654,MMR
116,6,12,,
117,7,12,1652654,MMR
118,8,12,19443,ACAM2000
119,9,12,1361009,DTaP/Tdap
120,10,12,194430,BCG
121,1,13,378655,VAXCHORA
122,2,13,,
123,3,13,,
124,4,13,252436,Mosquirix
125,5,13,10728548,MMR
126,6,13,,
127,7,13,10728548,MMR
128,8,13,126218,ACAM2000
129,9,13,8835275,DTaP/Tdap
130,10,13,1262182,BCG
131,1,14,205336,VAXCHORA
132,2,14,,
133,3,14,,
134,4,14,136891,Mosquirix
135,5,14,5817863,MMR
136,6,14,,
137,7,14,5817863,MMR
138,8,14,68445,ACAM2000
139,9,14,4791182,DTaP/Tdap
140,10,14,684454,BCG
141,1,15,96085,VAXCHORA
142,2,15,,
143,3,15,,
144,4,15,64056,Mosquirix
145,5,15,2722397,MMR
146,6,15,,
147,7,15,2722397,MMR
148,8,15,32028,ACAM2000
149,9,15,2241974,DTaP/Tdap
150,10,15,320282,BCG
151,1,16,88120,VAXCHORA
152,2,16,,
153,3,16,,
154,4,16,58746,Mosquirix
155,5,16,2496725,MMR
156,6,16,,
157,7,16,2496725,MMR
158,8,16,29373,ACAM2000
159,9,16,2056127,DTaP/Tdap
160,10,16,293732,BCG
161,1,17,135577,VAXCHORA
162,2,17,,
163,3,17,,
164,4,17,90385,Mosquirix
165,5,17,3841348,MMR
166,6,17,,
167,7,17,3841348,MMR
168,8,17,45192,ACAM2000
169,9,17,3163463,DTaP/Tdap
170,10,17,451923,BCG
171,1,18,137811,VAXCHORA
172,2,18,,
173,3,18,,
174,4,18,91874,Mosquirix
175,5,18,3904634,MMR
176,6,18,,
177,7,18,3904634,MMR
178,8,18,45937,ACAM2000
179,9,18,3215581,DTaP/Tdap
180,10,18,459369,BCG
181,1,19,41728,VAXCHORA
182,2,19,,
183,3,19,,
184,4,19,27818,Mosquirix
185,5,19,1182284,MMR
186,6,19,,
187,7,19,1182284,MMR
188,8,19,13909,ACAM2000
189,9,19,973645,DTaP/Tdap
190,10,19,139092,BCG
191,1,20,185773,VAXCHORA
192,2,20,,
193,3,20,,
194,4,20,123849,Mosquirix
195,5,20,5263574,MMR
196,6,20,,
197,7,20,5263574,MMR
198,8,20,61924,ACAM2000
199,9,20,4334708,DTaP/Tdap
200,10,20,619244,BCG
201,1,21,210674,VAXCHORA
202,2,21,,
203,3,21,,
204,4,21,140449,Mosquirix
205,5,21,5969098,MMR
206,6,21,,
207,7,21,5969098,MMR
208,8,21,70225,ACAM2000
209,9,21,4915728,DTaP/Tdap
210,10,21,702247,BCG
211,1,22,301526,VAXCHORA
212,2,22,,
213,3,22,,
214,4,22,201018,Mosquirix
215,5,22,8543245,MMR
216,6,22,,
217,7,22,8543245,MMR
218,8,22,100509,ACAM2000
219,9,22,7035614,DTaP/Tdap
220,10,22,1005088,BCG
221,1,23,171649,VAXCHORA
222,2,23,,
223,3,23,,
224,4,23,114432,Mosquirix
225,5,23,4863378,MMR
226,6,23,,
227,7,23,4863378,MMR
228,8,23,57216,ACAM2000
229,9,23,4005135,DTaP/Tdap
230,10,23,572162,BCG
231,1,24,88258,VAXCHORA
232,2,24,,
233,3,24,,
234,4,24,58839,Mosquirix
235,5,24,2500648,MMR
236,6,24,,
237,7,24,2500648,MMR
238,8,24,29419,ACAM2000
239,9,24,2059357,DTaP/Tdap
240,10,24,294194,BCG
241,1,25,185382,VAXCHORA
242,2,25,,
243,3,25,,
244,4,25,123588,Mosquirix
245,5,25,5252502,MMR
246,6,25,,
247,7,25,5252502,MMR
248,8,25,61794,ACAM2000
249,9,25,4325590,DTaP/Tdap
250,10,25,617941,BCG
251,1,26,33663,VAXCHORA
252,2,26,,
253,3,26,,
254,4,26,22442,Mosquirix
255,5,26,953781,MMR
256,6,26,,
257,7,26,953781,MMR
258,8,26,11221,ACAM2000
259,9,26,785466,DTaP/Tdap
260,10,26,112210,BCG
261,1,27,59167,VAXCHORA
262,2,27,,
263,3,27,,
264,4,27,39445,Mosquirix
265,5,27,1676409,MMR
266,6,27,,
267,7,27,1676409,MMR
268,8,27,19722,ACAM2000
269,9,27,1380572,DTaP/Tdap
270,10,27,197225,BCG
271,1,28,95283,VAXCHORA
272,2,28,,
273,3,28,,
274,4,28,63522,Mosquirix
275,5,28,2699699,MMR
276,6,28,,
277,7,28,2699699,MMR
278,8,28,31761,ACAM2000
279,9,28,2223281,DTaP/Tdap
280,10,28,317612,BCG
281,1,29,41900,VAXCHORA
282,2,29,,
283,3,29,,
284,4,29,27934,Mosquirix
285,5,29,1187176,MMR
286,6,29,,
287,7,29,1187176,MMR
288,8,29,13967,ACAM2000
289,9,29,977675,DTaP/Tdap
290,10,29,139668,BCG
291,1,30,278857,VAXCHORA
292,2,30,,
293,3,30,,
294,4,30,185905,Mosquirix
295,5,30,7900943,MMR
296,6,30,,
297,7,30,7900943,MMR
298,8,30,92952,ACAM2000
299,9,30,6506659,DTaP/Tdap
300,10,30,929523,BCG
301,1,31,63416,VAXCHORA
302,2,31,,
303,3,31,,
304,4,31,42277,Mosquirix
305,5,31,1796788,MMR
306,6,31,,
307,7,31,1796788,MMR
308,8,31,21139,ACAM2000
309,9,31,1479708,DTaP/Tdap
310,10,31,211387,BCG
311,1,32,591112,VAXCHORA
312,2,32,,
313,3,32,,
314,4,32,394075,Mosquirix
315,5,32,16748185,MMR
316,6,32,,
317,7,32,16748185,MMR
318,8,32,197037,ACAM2000
319,9,32,13792623,DTaP/Tdap
320,10,32,1970375,BCG
321,1,33,321324,VAXCHORA
322,2,33,,
323,3,33,,
324,4,33,214216,Mosquirix
325,5,33,9104174,MMR
326,6,33,,
327,7,33,9104174,MMR
328,8,33,107108,ACAM2000
329,9,33,7497555,DTaP/Tdap
330,10,33,1071079,BCG
331,1,34,23432,VAXCHORA
332,2,34,,
333,3,34,,
334,4,34,15621,Mosquirix
335,5,34,663898,MMR
336,6,34,,
337,7,34,663898,MMR
338,8,34,7811,ACAM2000
339,9,34,546740,DTaP/Tdap
340,10,34,78106,BCG
341,1,35,353336,VAXCHORA
342,2,35,,
343,3,35,,
344,4,35,235557,Mosquirix
345,5,35,10011193,MMR
346,6,35,,
347,7,35,10011193,MMR
348,8,35,117779,ACAM2000
349,9,35,8244512,DTaP/Tdap
350,10,35,1177787,BCG
351,1,36,120787,VAXCHORA
352,2,36,,
353,3,36,,
354,4,36,80525,Mosquirix
355,5,36,3422295,MMR
356,6,36,,
357,7,36,3422295,MMR
358,8,36,40262,ACAM2000
359,9,36,2818360,DTaP/Tdap
360,10,36,402623,BCG
361,1,37,127421,VAXCHORA
362,2,37,,
363,3,37,,
364,4,37,84947,Mosquirix
365,5,37,3610266,MMR
366,6,37,,
367,7,37,3610266,MMR
368,8,37,42474,ACAM2000
369,9,37,2973160,DTaP/Tdap
370,10,37,424737,BCG
371,1,38,389550,VAXCHORA
372,2,38,,
373,3,38,,
374,4,38,259700,Mosquirix
375,5,38,11037242,MMR
376,6,38,,
377,7,38,11037242,MMR
378,8,38,129850,ACAM2000
379,9,38,9089493,DTaP/Tdap
380,10,38,1298499,BCG
381,1,39,32985,VAXCHORA
382,2,39,,
383,3,39,,
384,4,39,21990,Mosquirix
385,5,39,934573,MMR
386,6,39,,
387,7,39,934573,MMR
388,8,39,10995,ACAM2000
389,9,39,769649,DTaP/Tdap
390,10,39,109950,BCG
391,1,40,158638,VAXCHORA
392,2,40,,
393,3,40,,
394,4,40,105759,Mosquirix
395,5,40,4494745,MMR
396,6,40,,
397,7,40,4494745,MMR
398,8,40,52879,ACAM2000
399,9,40,3701554,DTaP/Tdap
400,10,40,528794,BCG
401,1,41,27292,VAXCHORA
402,2,41,,
403,3,41,,
404,4,41,18194,Mosquirix
405,5,41,773265,MMR
406,6,41,,
407,7,41,773265,MMR
408,8,41,9097,ACAM2000
409,9,41,636806,DTaP/Tdap
410,10,41,90972,BCG
411,1,42,211867,VAXCHORA
412,2,42,,
413,3,42,,
414,4,42,141244,Mosquirix
415,5,42,6002884,MMR
416,6,42,,
417,7,42,6002884,MMR
418,8,42,70622,ACAM2000
419,9,42,4943552,DTaP/Tdap
420,10,42,706222,BCG
421,1,43,903405,VAXCHORA
422,2,43,,
423,3,43,,
424,4,43,602270,Mosquirix
425,5,43,25596465,MMR
426,6,43,,
427,7,43,25596465,MMR
428,8,43,301135,ACAM2000
429,9,43,21079442,DTaP/Tdap
430,10,43,3011349,BCG
431,1,44,101730,VAXCHORA
432,2,44,,
433,3,44,,
434,4,44,67820,Mosquirix
435,5,44,2882359,MMR
436,6,44,,
437,7,44,2882359,MMR
438,8,44,33910,ACAM2000
439,9,44,2373708,DTaP/Tdap
440,10,44,339101,BCG
441,1,45,19444,VAXCHORA
442,2,45,,
443,3,45,,
444,4,45,12963,Mosquirix
445,5,45,550921,MMR
446,6,45,,
447,7,45,550921,MMR
448,8,45,6481,ACAM2000
449,9,45,453699,DTaP/Tdap
450,10,45,64814,BCG
451,1,46,260502,VAXCHORA
452,2,46,,
453,3,46,,
454,4,46,173668,Mosquirix
455,5,46,7380902,MMR
456,6,46,,
457,7,46,7380902,MMR
458,8,46,86834,ACAM2000
459,9,46,6078390,DTaP/Tdap
460,10,46,868341,BCG
461,1,47,53224,VAXCHORA
462,2,47,,
463,3,47,,
464,4,47,35482,Mosquirix
465,5,47,1508004,MMR
466,6,47,,
467,7,47,1508004,MMR
468,8,47,17741,ACAM2000
469,9,47,1241885,DTaP/Tdap
470,10,47,177412,BCG
471,1,48,233824,VAXCHORA
472,2,48,,
473,3,48,,
474,4,48,155882,Mosquirix
475,5,48,6625005,MMR
476,6,48,,
477,7,48,6625005,MMR
478,8,48,77941,ACAM2000
479,9,48,5455886,DTaP/Tdap
480,10,48,779412,BCG
481,1,49,177119,VAXCHORA
482,2,49,,
483,3,49,,
484,4,49,118080,Mosquirix
485,5,49,5018379,MMR
486,6,49,,
487,7,49,5018379,MMR
488,8,49,59040,ACAM2000
489,9,49,4132782,DTaP/Tdap
490,10,49,590398,BCG
491,1,50,17459,VAXCHORA
492,2,50,,
493,3,50,,
494,4,50,11640,Mosquirix
495,5,50,494681,MMR
496,6,50,,
497,7,50,494681,MMR
498,8,50,5820,ACAM2000
499,9,50,407385,DTaP/Tdap
500,10,50,58198,BCG